/*
 Navicat Premium Data Transfer

 Source Server         : lokalmy
 Source Server Type    : MySQL
 Source Server Version : 50628
 Source Host           : localhost
 Source Database       : cbttest_db

 Target Server Type    : MySQL
 Target Server Version : 50628
 File Encoding         : utf-8

 Date: 06/09/2017 00:12:40 AM
*/

SET NAMES utf8;
SET FOREIGN_KEY_CHECKS = 0;

-- ----------------------------
--  Table structure for `c_mahasiswa`
-- ----------------------------
DROP TABLE IF EXISTS `c_mahasiswa`;
CREATE TABLE `c_mahasiswa` (
  `id` int(10) NOT NULL AUTO_INCREMENT,
  `no_ujian` varchar(20) NOT NULL,
  `tgl_lahir` date NOT NULL,
  `id_jurusan` int(3) NOT NULL,
  `id_prodi1` int(3) NOT NULL,
  `id_prodi2` int(3) NOT NULL,
  `jkel` varchar(3) NOT NULL,
  `nama` varchar(200) NOT NULL,
  `is_active` enum('Y','N') NOT NULL,
  `member_type` varchar(100) NOT NULL DEFAULT '1',
  PRIMARY KEY (`id`)
) ENGINE=InnoDB AUTO_INCREMENT=15 DEFAULT CHARSET=latin1;

-- ----------------------------
--  Records of `c_mahasiswa`
-- ----------------------------
BEGIN;
INSERT INTO `c_mahasiswa` VALUES ('1', '1234567891011', '2003-01-01', '1', '1', '2', 'L', 'aris tri', 'Y', '1'), ('2', '1111111111111', '2003-01-01', '1', '1', '2', 'L', 'paijo', 'Y', '1'), ('3', '9348209384901', '2002-01-01', '1', '1', '2', 'L', 'sjdlajdljal', 'Y', '1'), ('4', '0930910293019', '0000-00-00', '1', '1', '0', '', 'anis', 'Y', '1'), ('5', '8789789789798', '2003-01-01', '2', '18', '20', 'L', 'ff', 'Y', '1'), ('6', '7676767676767', '2003-01-01', '4', '1', '18', 'L', 'uu', 'Y', '1'), ('7', '4323423049203', '0000-00-00', '4', '1', '18', 'L', 'ksadlk', 'Y', '1'), ('9', '3498938409283', '2003-01-01', '2', '18', '20', 'L', 'dua', 'Y', '1'), ('10', '2312312312312', '2003-02-01', '1', '1', '2', 'L', 'sda', 'Y', '1'), ('11', '3213123123123', '2003-01-01', '2', '18', '20', 'L', 'KDSA', 'Y', '1'), ('12', '3332312312312', '2003-01-01', '1', '15', '1', 'L', '323', 'Y', '1'), ('13', '9890809809809', '2003-01-01', '2', '19', '18', 'L', 'sjdl', 'Y', '1'), ('14', '2390192391123', '2003-01-01', '1', '1', '2', 'L', 'norodom', 'Y', '1');
COMMIT;

-- ----------------------------
--  Table structure for `hasil_test`
-- ----------------------------
DROP TABLE IF EXISTS `hasil_test`;
CREATE TABLE `hasil_test` (
  `id` int(10) NOT NULL AUTO_INCREMENT,
  `id_ujian` varchar(20) NOT NULL,
  `id_mhs` varchar(20) NOT NULL,
  `mulai` varchar(20) NOT NULL,
  `akhir` varchar(20) NOT NULL,
  `jumlah` varchar(100) NOT NULL,
  `monitor` varchar(100) NOT NULL,
  `jawaban` text NOT NULL,
  `lsoal` text NOT NULL,
  `xsoal` text NOT NULL,
  `terjawab` varchar(100) NOT NULL,
  `is_active` enum('Y','N') NOT NULL,
  `soal` text NOT NULL,
  `soal_reading` text NOT NULL,
  `score` int(5) NOT NULL,
  `benar` varchar(100) NOT NULL,
  `salah` varchar(100) NOT NULL,
  PRIMARY KEY (`id`)
) ENGINE=InnoDB AUTO_INCREMENT=8 DEFAULT CHARSET=latin1;

-- ----------------------------
--  Records of `hasil_test`
-- ----------------------------
BEGIN;
INSERT INTO `hasil_test` VALUES ('1', '1', '11', '2017-06-05 21:45:46', '2017-06-05 22:07:00', '', '', '{\"S101\":\"B\",\"S102\":\"E\",\"S103\":\"X\",\"S104\":\"X\",\"S105\":\"X\",\"S106\":\"X\",\"S107\":\"X\",\"S108\":\"X\",\"S109\":\"X\",\"S110\":\"D\",\"S111\":\"X\",\"S112\":\"X\",\"S113\":\"X\",\"S114\":\"X\",\"S115\":\"X\",\"S116\":\"X\",\"S117\":\"X\",\"S118\":\"X\",\"S119\":\"X\",\"S120\":\"X\",\"S121\":\"X\",\"S122\":\"X\",\"S123\":\"X\",\"S124\":\"X\",\"S125\":\"X\",\"S126\":\"X\",\"S127\":\"X\",\"S128\":\"X\",\"S129\":\"X\",\"S130\":\"X\",\"S131\":\"X\",\"S132\":\"X\",\"S133\":\"X\",\"S134\":\"X\",\"S135\":\"X\",\"S136\":\"X\",\"S137\":\"X\",\"S138\":\"X\",\"S139\":\"X\",\"S140\":\"X\",\"S141\":\"X\",\"S142\":\"X\",\"S143\":\"X\",\"S144\":\"X\",\"S145\":\"X\",\"S146\":\"X\",\"S147\":\"X\",\"S148\":\"X\",\"S149\":\"X\",\"S150\":\"X\",\"S151\":\"X\",\"S152\":\"X\",\"S153\":\"X\",\"S154\":\"X\",\"S155\":\"X\",\"S156\":\"X\",\"S157\":\"X\",\"S158\":\"X\",\"S159\":\"X\",\"S160\":\"E\",\"X\":\"X\"}', '101,102,103,104,105,106,107,108,109,110,111,112,113,114,115,116,117,118,119,120,121,122,123,124,125,126,127,128,129,130,131,132,133,134,135,136,137,138,139,140,141,142,143,144,145,146,147,148,149,150,151,152,153,154,155,156,157,158,159,160', '', '4', 'Y', '', '', '3', '2', '58'), ('3', '1', '12', '2017-06-05 22:12:38', '2017-06-05 22:23:23', '', '', '{\"S1\":\"C\",\"S2\":\"D\",\"S3\":\"B\",\"S4\":\"D\",\"S5\":\"D\",\"S6\":\"E\",\"S7\":\"B\",\"S8\":\"A\",\"S9\":\"C\",\"S10\":\"D\",\"S11\":\"D\",\"S12\":\"D\",\"S13\":\"B\",\"S14\":\"E\",\"S15\":\"C\",\"S16\":\"E\",\"S17\":\"A\",\"S18\":\"C\",\"S19\":\"A\",\"S20\":\"D\",\"S21\":\"C\",\"S22\":\"E\",\"S23\":\"B\",\"S24\":\"E\",\"S25\":\"C\",\"S26\":\"D\",\"S27\":\"C\",\"S28\":\"B\",\"S29\":\"A\",\"S30\":\"C\",\"S31\":\"E\",\"S32\":\"C\",\"S33\":\"A\",\"S34\":\"C\",\"S35\":\"D\",\"S36\":\"A\",\"S37\":\"C\",\"S38\":\"C\",\"S39\":\"C\",\"S40\":\"C\",\"S41\":\"B\",\"S42\":\"A\",\"S43\":\"D\",\"S44\":\"D\",\"S45\":\"E\",\"S46\":\"D\",\"S47\":\"D\",\"S48\":\"X\",\"S49\":\"X\",\"S50\":\"X\",\"X\":\"X\"}', '1,2,3,4,5,6,7,8,9,10,11,12,13,14,15,16,17,18,19,20,21,22,23,24,25,26,27,28,29,30,31,32,33,34,35,36,37,38,39,40,41,42,43,44,45,46,47,48,49,50', '', '47', 'Y', '', '', '100', '37', '13'), ('4', '1', '13', '2017-06-05 22:43:58', '2017-06-05 22:44:19', '', '', '{\"S101\":\"X\",\"S102\":\"X\",\"S103\":\"X\",\"S104\":\"X\",\"S105\":\"X\",\"S106\":\"X\",\"S107\":\"X\",\"S108\":\"X\",\"S109\":\"X\",\"S110\":\"X\",\"S111\":\"X\",\"S112\":\"X\",\"S113\":\"X\",\"S114\":\"X\",\"S115\":\"X\",\"S116\":\"X\",\"S117\":\"X\",\"S118\":\"X\",\"S119\":\"X\",\"S120\":\"X\",\"S121\":\"X\",\"S122\":\"X\",\"S123\":\"X\",\"S124\":\"X\",\"S125\":\"X\",\"S126\":\"X\",\"S127\":\"X\",\"S128\":\"X\",\"S129\":\"X\",\"S130\":\"X\",\"S131\":\"X\",\"S132\":\"X\",\"S133\":\"X\",\"S134\":\"X\",\"S135\":\"X\",\"S136\":\"X\",\"S137\":\"X\",\"S138\":\"X\",\"S139\":\"X\",\"S140\":\"X\",\"S141\":\"X\",\"S142\":\"X\",\"S143\":\"X\",\"S144\":\"X\",\"S145\":\"X\",\"S146\":\"X\",\"S147\":\"X\",\"S148\":\"X\",\"S149\":\"X\",\"S150\":\"X\",\"S151\":\"X\",\"S152\":\"X\",\"S153\":\"X\",\"S154\":\"X\",\"S155\":\"X\",\"S156\":\"X\",\"S157\":\"X\",\"S158\":\"X\",\"S159\":\"X\",\"S160\":\"X\",\"X\":\"X\"}', '101,102,103,104,105,106,107,108,109,110,111,112,113,114,115,116,117,118,119,120,121,122,123,124,125,126,127,128,129,130,131,132,133,134,135,136,137,138,139,140,141,142,143,144,145,146,147,148,149,150,151,152,153,154,155,156,157,158,159,160', '', '0', 'Y', '', '', '0', '0', '60'), ('6', '2', '14', '2017-06-08 22:24:13', '2017-06-08 23:30:12', '', '', '{\"S1\":\"A\",\"S2\":\"D\",\"S3\":\"D\",\"S4\":\"D\",\"S5\":\"D\",\"S6\":\"D\",\"S7\":\"D\",\"S8\":\"D\",\"S9\":\"D\",\"S10\":\"D\",\"S11\":\"D\",\"S12\":\"D\",\"S13\":\"D\",\"S14\":\"D\",\"S15\":\"D\",\"S16\":\"D\",\"S17\":\"D\",\"S18\":\"D\",\"S19\":\"D\",\"S20\":\"D\",\"X\":\"X\"}', '1,2,3,4,5,6,7,8,9,10,11,12,13,14,15,16,17,18,19,20', '', '20', 'Y', '', '', '77', '0', '0'), ('7', '1', '14', '2017-06-08 23:04:21', '2017-06-08 24:04:43', '', '', '{\"S1\":\"E\",\"S2\":\"E\",\"S3\":\"E\",\"S4\":\"E\",\"S5\":\"E\",\"S6\":\"E\",\"S7\":\"E\",\"S8\":\"E\",\"S9\":\"E\",\"S10\":\"E\",\"S11\":\"C\",\"S12\":\"D\",\"S13\":\"E\",\"S14\":\"E\",\"S15\":\"E\",\"S16\":\"E\",\"S17\":\"E\",\"S18\":\"D\",\"S19\":\"E\",\"S20\":\"E\",\"S21\":\"E\",\"S22\":\"E\",\"S23\":\"E\",\"S24\":\"E\",\"S25\":\"E\",\"S26\":\"D\",\"S27\":\"E\",\"S28\":\"E\",\"S29\":\"E\",\"S30\":\"E\",\"S31\":\"E\",\"S32\":\"E\",\"S33\":\"A\",\"S34\":\"E\",\"S35\":\"E\",\"S36\":\"E\",\"S37\":\"E\",\"S38\":\"E\",\"S39\":\"E\",\"S40\":\"E\",\"S41\":\"E\",\"S42\":\"E\",\"S43\":\"E\",\"S44\":\"E\",\"S45\":\"E\",\"S46\":\"E\",\"S47\":\"E\",\"S48\":\"X\",\"S49\":\"X\",\"S50\":\"X\",\"X\":\"X\"}', '1,2,3,4,5,6,7,8,9,10,11,12,13,14,15,16,17,18,19,20,21,22,23,24,25,26,27,28,29,30,31,32,33,34,35,36,37,38,39,40,41,42,43,44,45,46,47,48,49,50', '', '47', 'Y', '', '', '50', '10', '40');
COMMIT;

-- ----------------------------
--  Table structure for `jurusan`
-- ----------------------------
DROP TABLE IF EXISTS `jurusan`;
CREATE TABLE `jurusan` (
  `id` int(4) NOT NULL AUTO_INCREMENT,
  `id_kelompok` int(4) DEFAULT NULL,
  `jurusan` varchar(255) DEFAULT NULL,
  `is_active` enum('T','Y') DEFAULT 'Y',
  `is_guru` enum('Y','N') DEFAULT NULL,
  `ket` text,
  PRIMARY KEY (`id`)
) ENGINE=InnoDB AUTO_INCREMENT=27 DEFAULT CHARSET=latin1;

-- ----------------------------
--  Records of `jurusan`
-- ----------------------------
BEGIN;
INSERT INTO `jurusan` VALUES ('1', '1', 'Pendidikan Matematika', 'Y', 'Y', null), ('2', '1', 'Pendidikan Biologi', 'Y', 'Y', null), ('3', '1', 'Pendidikan Fisika', 'Y', 'Y', null), ('4', '1', 'Pendidikan Matematika Berstandar Internasional', 'Y', 'Y', null), ('5', '1', 'Pendidikan Biologi Berstandar Internasional', 'Y', 'Y', null), ('6', '1', 'Pendidikan Fisika Berstandar Internasional', 'Y', 'Y', null), ('7', '1', 'Pendidikan Teknologi Informasi', 'Y', 'Y', null), ('8', '1', 'Arsitektur', 'Y', 'N', null), ('9', '1', 'Teknik Sipil - DIII', 'T', 'N', null), ('10', '1', 'Teknik Mesin - DIII', 'T', 'N', null), ('11', '1', 'Teknik Elektronika - DIII', 'T', 'N', null), ('12', '1', 'Teknik Sipil - S1', 'Y', 'N', null), ('13', '1', 'Teknik Mesin - S1', 'Y', 'N', null), ('14', '1', 'Teknik Elektro - S1', 'Y', 'N', null), ('15', '1', 'Informatika', 'Y', 'N', null), ('16', '1', 'Teknik Lingkungan', 'T', 'N', null), ('17', '1', 'Teknologi Pangan', 'Y', 'N', null), ('18', '2', 'Bimbingan Konseling', 'Y', 'Y', null), ('19', '2', 'Pendidikan Guru Sekolah Dasar', 'Y', 'Y', ''), ('20', '2', 'Pendidikan Anak Usia Dini', 'Y', 'Y', null), ('21', '2', 'Pendidikan Pancasila dan Kewarganegaraan', 'Y', 'Y', null), ('22', '2', 'Pendidikan Ekonomi', 'Y', 'Y', null), ('23', '2', 'Pendidikan Jasmani, Kesehatan dan Rekreasi', 'Y', 'Y', null), ('24', '2', 'Pendidikan Bahasa dan Sastra Indonesia', 'Y', 'Y', null), ('25', '2', 'Pendidikan Bahasa Inggris', 'Y', 'Y', null), ('26', '2', 'Pendidikan Bahasa dan Sastra Daerah', 'Y', 'Y', null);
COMMIT;

-- ----------------------------
--  Table structure for `kelompok`
-- ----------------------------
DROP TABLE IF EXISTS `kelompok`;
CREATE TABLE `kelompok` (
  `id` int(2) NOT NULL,
  `kelompok` varchar(10) NOT NULL,
  `is_active` varchar(2) NOT NULL,
  PRIMARY KEY (`id`)
) ENGINE=InnoDB DEFAULT CHARSET=latin1;

-- ----------------------------
--  Records of `kelompok`
-- ----------------------------
BEGIN;
INSERT INTO `kelompok` VALUES ('1', 'IPA', 'Y'), ('2', 'IPS', 'Y'), ('4', 'IPC', 'y');
COMMIT;

-- ----------------------------
--  Table structure for `modal`
-- ----------------------------
DROP TABLE IF EXISTS `modal`;
CREATE TABLE `modal` (
  `id` int(10) NOT NULL AUTO_INCREMENT,
  `id_jurusan` int(5) NOT NULL,
  `modal` int(10) NOT NULL,
  `is_active` enum('Y','N') NOT NULL,
  PRIMARY KEY (`id`)
) ENGINE=InnoDB AUTO_INCREMENT=30 DEFAULT CHARSET=latin1;

-- ----------------------------
--  Records of `modal`
-- ----------------------------
BEGIN;
INSERT INTO `modal` VALUES ('1', '1', '30', 'Y'), ('2', '2', '30', 'Y'), ('3', '3', '30', 'Y'), ('4', '4', '30', 'Y'), ('5', '5', '30', 'Y'), ('6', '6', '30', 'Y'), ('7', '7', '30', 'Y'), ('8', '8', '30', 'Y'), ('9', '9', '30', 'Y'), ('10', '10', '30', 'Y'), ('11', '11', '30', 'Y'), ('12', '12', '30', 'Y'), ('13', '13', '30', 'Y'), ('14', '14', '30', 'Y'), ('15', '15', '30', 'Y'), ('16', '16', '30', 'Y'), ('17', '17', '30', 'Y'), ('18', '18', '30', 'Y'), ('19', '19', '0', 'Y'), ('20', '20', '30', 'Y'), ('21', '21', '30', 'Y'), ('22', '22', '30', 'Y'), ('23', '23', '30', 'Y'), ('24', '24', '30', 'Y'), ('25', '25', '30', 'Y'), ('26', '26', '30', 'Y'), ('27', '27', '30', 'Y'), ('28', '28', '30', 'Y'), ('29', '0', '30', 'Y');
COMMIT;

-- ----------------------------
--  Table structure for `soal`
-- ----------------------------
DROP TABLE IF EXISTS `soal`;
CREATE TABLE `soal` (
  `id` int(5) NOT NULL AUTO_INCREMENT,
  `soal` varchar(200) NOT NULL,
  `kategori` varchar(20) NOT NULL,
  `gambar` varchar(20) NOT NULL,
  `jawaban_A` varchar(20) NOT NULL,
  `jawaban_B` varchar(20) NOT NULL,
  `jawaban_C` varchar(20) NOT NULL,
  `jawaban_D` varchar(20) NOT NULL,
  `jawaban_E` varchar(255) NOT NULL,
  `kunci` enum('A','B','C','D','E') NOT NULL,
  `is_active` enum('Y','N') NOT NULL,
  `mapel` varchar(50) NOT NULL,
  `ket` text NOT NULL,
  PRIMARY KEY (`id`)
) ENGINE=InnoDB AUTO_INCREMENT=162 DEFAULT CHARSET=utf8;

-- ----------------------------
--  Records of `soal`
-- ----------------------------
BEGIN;
INSERT INTO `soal` VALUES ('1', '', '1', '1.png', '', '', '', '', '', 'C', 'Y', '', ''), ('2', '', '1', '2.png', '', '', '', '', '', 'D', 'Y', '', ''), ('3', '', '1', '3.png', '', '', '', '', '', 'B', 'Y', '', ''), ('4', '', '1', '4.png', '', '', '', '', '', 'D', 'Y', '', ''), ('5', '', '1', '5.png', '', '', '', '', '', 'D', 'Y', '', ''), ('6', '', '1', '6.png', '', '', '', '', '', 'B', 'Y', '', ''), ('7', '', '1', '7.png', '', '', '', '', '', 'A', 'Y', '', ''), ('8', '', '1', '8.png', '', '', '', '', '', 'C', 'Y', '', ''), ('9', '', '1', '9.png', '', '', '', '', '', 'E', 'Y', '', ''), ('10', '', '1', '10.png', '', '', '', '', '', 'D', 'Y', '', ''), ('11', '', '1', '11.png', '', '', '', '', '', 'D', 'Y', '', ''), ('12', '', '1', '12.png', '', '', '', '', '', 'D', 'Y', '', ''), ('13', '', '1', '13.png', '', '', '', '', '', 'B', 'Y', '', ''), ('14', '', '1', '14.png', '', '', '', '', '', 'E', 'Y', '', ''), ('15', '', '1', '15.png', '', '', '', '', '', 'C', 'Y', '', ''), ('16', '', '1', '16.png', '', '', '', '', '', 'E', 'Y', '', ''), ('17', '', '1', '17.png', '', '', '', '', '', 'A', 'Y', '', ''), ('18', '', '1', '18.png', '', '', '', '', '', 'C', 'Y', '', ''), ('19', '', '1', '19.png', '', '', '', '', '', 'A', 'Y', '', ''), ('20', '', '1', '20.png', '', '', '', '', '', 'D', 'Y', '', ''), ('21', '', '1', '21.png', '', '', '', '', '', 'C', 'Y', '', ''), ('22', '', '1', '22.png', '', '', '', '', '', 'E', 'Y', '', ''), ('23', '', '1', '23.png', '', '', '', '', '', 'B', 'Y', '', ''), ('24', '', '1', '24.png', '', '', '', '', '', 'E', 'Y', '', ''), ('25', '', '1', '25.png', '', '', '', '', '', 'C', 'Y', '', ''), ('26', '', '1', '26.png', '', '', '', '', '', 'D', 'Y', '', ''), ('27', '', '1', '27.png', '', '', '', '', '', 'C', 'Y', '', ''), ('28', '', '1', '28.png', '', '', '', '', '', 'B', 'Y', '', ''), ('29', '', '1', '29.png', '', '', '', '', '', 'A', 'Y', '', ''), ('30', '', '1', '30.png', '', '', '', '', '', 'C', 'Y', '', ''), ('31', '', '1', '31.png', '', '', '', '', '', 'E', 'Y', '', ''), ('32', '', '1', '32.png', '', '', '', '', '', 'C', 'Y', '', ''), ('33', '', '1', '33.png', '', '', '', '', '', 'A', 'Y', '', ''), ('34', '', '1', '34.png', '', '', '', '', '', 'C', 'Y', '', ''), ('35', '', '1', '35.png', '', '', '', '', '', 'D', 'Y', '', ''), ('36', '', '1', '36.png', '', '', '', '', '', 'D', 'Y', '', ''), ('37', '', '1', '37.png', '', '', '', '', '', 'A', 'Y', '', ''), ('38', '', '1', '38.png', '', '', '', '', '', 'C', 'Y', '', ''), ('39', '', '1', '39.png', '', '', '', '', '', 'C', 'Y', '', ''), ('40', '', '1', '40.png', '', '', '', '', '', 'C', 'Y', '', ''), ('41', '', '1', '41.png', '', '', '', '', '', 'B', 'Y', '', ''), ('42', '', '1', '42.png', '', '', '', '', '', 'A', 'Y', '', ''), ('43', '', '1', '43.png', '', '', '', '', '', 'B', 'Y', '', ''), ('44', '', '1', '44.png', '', '', '', '', '', 'B', 'Y', '', ''), ('45', '', '1', '45.png', '', '', '', '', '', 'D', 'Y', '', ''), ('46', '', '1', '46.png', '', '', '', '', '', 'D', 'Y', '', ''), ('47', '', '1', '47.png', '', '', '', '', '', 'E', 'Y', '', ''), ('48', '', '1', '48.png', '', '', '', '', '', 'D', 'Y', '', ''), ('49', '', '1', '49.png', '', '', '', '', '', 'D', 'Y', '', ''), ('50', '', '1', '50.png', '', '', '', '', '', 'A', 'Y', '', ''), ('51', '', '4', '1.png', '', '', '', '', '', 'A', 'Y', '', ''), ('52', '', '4', '2.png', '', '', '', '', '', 'D', 'Y', '', ''), ('53', '', '4', '3.png', '', '', '', '', '', 'A', 'Y', '', ''), ('54', '', '4', '4.png', '', '', '', '', '', 'B', 'Y', '', ''), ('55', '', '4', '5.png', '', '', '', '', '', 'B', 'Y', '', ''), ('56', '', '4', '6.png', '', '', '', '', '', 'A', 'Y', '', ''), ('57', '', '4', '7.png', '', '', '', '', '', 'C', 'Y', '', ''), ('58', '', '4', '8.png', '', '', '', '', '', 'E', 'Y', '', ''), ('59', '', '4', '9.png', '', '', '', '', '', 'D', 'Y', '', ''), ('60', '', '4', '10.png', '', '', '', '', '', 'D', 'Y', '', ''), ('61', '', '4', '11.png', '', '', '', '', '', 'E', 'Y', '', ''), ('62', '', '4', '12.png', '', '', '', '', '', 'E', 'Y', '', ''), ('63', '', '4', '13.png', '', '', '', '', '', 'A', 'Y', '', ''), ('64', '', '4', '14.png', '', '', '', '', '', 'D', 'Y', '', ''), ('65', '', '4', '15.png', '', '', '', '', '', 'D', 'Y', '', ''), ('66', '', '4', '16.png', '', '', '', '', '', 'B', 'Y', '', ''), ('67', '', '4', '17.png', '', '', '', '', '', 'C', 'Y', '', ''), ('68', '', '4', '18.png', '', '', '', '', '', 'B', 'Y', '', ''), ('69', '', '4', '19.png', '', '', '', '', '', 'B', 'Y', '', ''), ('70', '', '4', '20.png', '', '', '', '', '', 'D', 'Y', '', ''), ('71', '', '4', '21.png', '', '', '', '', '', 'B', 'Y', '', ''), ('72', '', '4', '22.png', '', '', '', '', '', 'B', 'Y', '', ''), ('73', '', '4', '23.png', '', '', '', '', '', 'E', 'Y', '', ''), ('74', '', '4', '24.png', '', '', '', '', '', 'C', 'Y', '', ''), ('75', '', '4', '25.png', '', '', '', '', '', 'D', 'Y', '', ''), ('76', '', '4', '26.png', '', '', '', '', '', 'A', 'Y', '', ''), ('77', '', '4', '27.png', '', '', '', '', '', 'E', 'Y', '', ''), ('78', '', '4', '28.png', '', '', '', '', '', 'E', 'Y', '', ''), ('79', '', '4', '29.png', '', '', '', '', '', 'A', 'Y', '', ''), ('80', '', '4', '30.png', '', '', '', '', '', 'A', 'Y', '', ''), ('81', '', '4', '31.png', '', '', '', '', '', 'B', 'Y', '', ''), ('82', '', '4', '32.png', '', '', '', '', '', 'A', 'Y', '', ''), ('83', '', '4', '33.png', '', '', '', '', '', 'A', 'Y', '', ''), ('84', '', '4', '34.png', '', '', '', '', '', 'A', 'Y', '', ''), ('85', '', '4', '35.png', '', '', '', '', '', 'E', 'Y', '', ''), ('86', '', '4', '36.png', '', '', '', '', '', 'D', 'Y', '', ''), ('87', '', '4', '37.png', '', '', '', '', '', 'D', 'Y', '', ''), ('88', '', '4', '38.png', '', '', '', '', '', 'A', 'Y', '', ''), ('89', '', '4', '39.png', '', '', '', '', '', 'A', 'Y', '', ''), ('90', '', '4', '40.png', '', '', '', '', '', 'E', 'Y', '', ''), ('91', '', '4', '41.png', '', '', '', '', '', 'A', 'Y', '', ''), ('92', '', '4', '42.png', '', '', '', '', '', 'B', 'Y', '', ''), ('93', '', '4', '43.png', '', '', '', '', '', 'A', 'Y', '', ''), ('94', '', '4', '44.png', '', '', '', '', '', 'C', 'Y', '', ''), ('95', '', '4', '45.png', '', '', '', '', '', 'E', 'Y', '', ''), ('96', '', '4', '46.png', '', '', '', '', '', 'B', 'Y', '', ''), ('97', '', '4', '47.png', '', '', '', '', '', 'D', 'Y', '', ''), ('98', '', '4', '48.png', '', '', '', '', '', 'A', 'Y', '', ''), ('99', '', '4', '49.png', '', '', '', '', '', 'A', 'Y', '', ''), ('100', '', '4', '50.png', '', '', '', '', '', 'C', 'Y', '', ''), ('101', '', '2', '1.png', '', '', '', '', '', 'B', 'Y', '', ''), ('102', '', '2', '2.png', '', '', '', '', '', 'C', 'Y', '', ''), ('103', '', '2', '3.png', '', '', '', '', '', 'A', 'Y', '', ''), ('104', '', '2', '4.png', '', '', '', '', '', 'B', 'Y', '', ''), ('105', '', '2', '5.png', '', '', '', '', '', 'C', 'Y', '', ''), ('106', '', '2', '6.png', '', '', '', '', '', 'B', 'Y', '', ''), ('107', '', '2', '7.png', '', '', '', '', '', 'A', 'Y', '', ''), ('108', '', '2', '8.png', '', '', '', '', '', 'C', 'Y', '', ''), ('109', '', '2', '9.png', '', '', '', '', '', 'E', 'Y', '', ''), ('110', '', '2', '10.png', '', '', '', '', '', 'D', 'Y', '', ''), ('111', '', '2', '11.png', '', '', '', '', '', 'E', 'Y', '', ''), ('112', '', '2', '12.png', '', '', '', '', '', 'B', 'Y', '', ''), ('113', '', '2', '13.png', '', '', '', '', '', 'C', 'Y', '', ''), ('114', '', '2', '14.png', '', '', '', '', '', 'D', 'Y', '', ''), ('115', '', '2', '15.png', '', '', '', '', '', 'D', 'Y', '', ''), ('116', '', '2', '16.png', '', '', '', '', '', 'D', 'Y', '', ''), ('117', '', '2', '17.png', '', '', '', '', '', 'E', 'Y', '', ''), ('118', '', '2', '18.png', '', '', '', '', '', 'C', 'Y', '', ''), ('119', '', '2', '19.png', '', '', '', '', '', 'A', 'Y', '', ''), ('120', '', '2', '20.png', '', '', '', '', '', 'D', 'Y', '', ''), ('121', '', '2', '21.png', '', '', '', '', '', 'B', 'Y', '', ''), ('122', '', '2', '22.png', '', '', '', '', '', 'A', 'Y', '', ''), ('123', '', '2', '23.png', '', '', '', '', '', 'C', 'Y', '', ''), ('124', '', '2', '24.png', '', '', '', '', '', 'C', 'Y', '', ''), ('125', '', '2', '25.png', '', '', '', '', '', 'D', 'Y', '', ''), ('126', '', '2', '26.png', '', '', '', '', '', 'B', 'Y', '', ''), ('127', '', '2', '27.png', '', '', '', '', '', 'C', 'Y', '', ''), ('128', '', '2', '28.png', '', '', '', '', '', 'D', 'Y', '', ''), ('129', '', '2', '29.png', '', '', '', '', '', 'C', 'Y', '', ''), ('130', '', '2', '30.png', '', '', '', '', '', 'D', 'Y', '', ''), ('131', '', '2', '31.png', '', '', '', '', '', 'D', 'Y', '', ''), ('132', '', '2', '32.png', '', '', '', '', '', 'C', 'Y', '', ''), ('133', '', '2', '33.png', '', '', '', '', '', 'C', 'Y', '', ''), ('134', '', '2', '34.png', '', '', '', '', '', 'B', 'Y', '', ''), ('135', '', '2', '35.png', '', '', '', '', '', 'B', 'Y', '', ''), ('136', '', '2', '36.png', '', '', '', '', '', 'C', 'Y', '', ''), ('137', '', '2', '37.png', '', '', '', '', '', 'E', 'Y', '', ''), ('138', '', '2', '38.png', '', '', '', '', '', 'C', 'Y', '', ''), ('139', '', '2', '39.png', '', '', '', '', '', 'B', 'Y', '', ''), ('140', '', '2', '40.png', '', '', '', '', '', 'C', 'Y', '', ''), ('141', '', '2', '41.png', '', '', '', '', '', 'E', 'Y', '', ''), ('142', '', '2', '42.png', '', '', '', '', '', 'A', 'Y', '', ''), ('143', '', '2', '43.png', '', '', '', '', '', 'D', 'Y', '', ''), ('144', '', '2', '44.png', '', '', '', '', '', 'A', 'Y', '', ''), ('145', '', '2', '45.png', '', '', '', '', '', 'C', 'Y', '', ''), ('146', '', '2', '46.png', '', '', '', '', '', 'A', 'Y', '', ''), ('147', '', '2', '47.png', '', '', '', '', '', 'E', 'Y', '', ''), ('148', '', '2', '48.png', '', '', '', '', '', 'B', 'Y', '', ''), ('149', '', '2', '49.png', '', '', '', '', '', 'D', 'Y', '', ''), ('150', '', '2', '50.png', '', '', '', '', '', 'D', 'Y', '', ''), ('151', '', '2', '51.png', '', '', '', '', '', 'C', 'Y', '', ''), ('152', '', '2', '52.png', '', '', '', '', '', 'B', 'Y', '', ''), ('153', '', '2', '53.png', '', '', '', '', '', 'B', 'Y', '', ''), ('154', '', '2', '54.png', '', '', '', '', '', 'A', 'Y', '', ''), ('155', '', '2', '55.png', '', '', '', '', '', 'A', 'Y', '', ''), ('156', '', '2', '56.png', '', '', '', '', '', 'C', 'Y', '', ''), ('157', '', '2', '57.png', '', '', '', '', '', 'B', 'Y', '', ''), ('158', '', '2', '58.png', '', '', '', '', '', 'A', 'Y', '', ''), ('159', '', '2', '59.png', '', '', '', '', '', 'C', 'Y', '', ''), ('160', '', '2', '60.png', '', '', '', '', '', 'D', 'Y', '', ''), ('161', '', '', '', '', '', '', '', '', 'A', 'Y', 'math\rmath\rmath\rmath\rmath\rmath', '');
COMMIT;

-- ----------------------------
--  Table structure for `soal_skala`
-- ----------------------------
DROP TABLE IF EXISTS `soal_skala`;
CREATE TABLE `soal_skala` (
  `id` int(5) NOT NULL AUTO_INCREMENT,
  `soal` varchar(200) NOT NULL,
  `kategori` varchar(20) NOT NULL,
  `gambar` varchar(20) NOT NULL,
  `jawaban_A` varchar(20) NOT NULL,
  `jawaban_B` varchar(20) NOT NULL,
  `jawaban_C` varchar(20) NOT NULL,
  `jawaban_D` varchar(20) NOT NULL,
  `jawaban_E` varchar(255) NOT NULL,
  `kunci` enum('A','B','C','D','E') NOT NULL,
  `is_active` enum('Y','N') NOT NULL,
  `mapel` varchar(50) NOT NULL,
  `ket` text NOT NULL,
  PRIMARY KEY (`id`)
) ENGINE=InnoDB AUTO_INCREMENT=161 DEFAULT CHARSET=utf8;

-- ----------------------------
--  Records of `soal_skala`
-- ----------------------------
BEGIN;
INSERT INTO `soal_skala` VALUES ('1', '', '1', '1.png', '4', '3', '2', '1', '', 'C', 'Y', '', ''), ('2', '', '1', '2.png', '4', '3', '2', '1', '', 'D', 'Y', '', ''), ('3', '', '1', '3.png', '4', '3', '2', '1', '', 'B', 'Y', '', ''), ('4', '', '1', '4.png', '4', '3', '2', '1', '', 'D', 'Y', '', ''), ('5', '', '1', '5.png', '4', '3', '2', '1', '', 'D', 'Y', '', ''), ('6', '', '1', '6.png', '1', '2', '3', '4', '', 'B', 'Y', '', ''), ('7', '', '1', '7.png', '1', '2', '3', '4', '', 'A', 'Y', '', ''), ('8', '', '1', '8.png', '1', '2', '3', '4', '', 'C', 'Y', '', ''), ('9', '', '1', '9.png', '1', '2', '3', '4', '', 'E', 'Y', '', ''), ('10', '', '1', '10.png', '1', '2', '3', '4', '', 'D', 'Y', '', ''), ('11', '', '1', '11.png', '1', '2', '3', '4', '', 'D', 'Y', '', ''), ('12', '', '1', '12.png', '1', '2', '3', '4', '', 'D', 'Y', '', ''), ('13', '', '1', '13.png', '1', '2', '3', '4', '', 'B', 'Y', '', ''), ('14', '', '1', '14.png', '1', '2', '3', '4', '', 'E', 'Y', '', ''), ('15', '', '1', '15.png', '1', '2', '3', '4', '', 'C', 'Y', '', ''), ('16', '', '1', '16.png', '4', '3', '2', '1', '', 'E', 'Y', '', ''), ('17', '', '1', '17.png', '4', '3', '2', '1', '', 'A', 'Y', '', ''), ('18', '', '1', '18.png', '4', '3', '2', '1', '', 'C', 'Y', '', ''), ('19', '', '1', '19.png', '4', '3', '2', '1', '', 'A', 'Y', '', ''), ('20', '', '1', '20.png', '4', '3', '2', '1', '', 'D', 'Y', '', '');
COMMIT;

SET FOREIGN_KEY_CHECKS = 1;
